"Timestamp","DeviceID","Channel","SensorName","SensorID","DataType","Unit","Value"
"2019-10-11T14:02:50.016Z","e98a7f60-ec1f-11e9-a4a3-7d841ff78abf","2","Humidity","dae414c0-ec20-11e9-a4a3-7d841ff78abf","analog_sensor","%","65.8"
"2019-10-11T14:02:34.970Z","e98a7f60-ec1f-11e9-a4a3-7d841ff78abf","2","Humidity","dae414c0-ec20-11e9-a4a3-7d841ff78abf","analog_sensor","%","65.8"
"2019-10-11T14:02:19.985Z","e98a7f60-ec1f-11e9-a4a3-7d841ff78abf","2","Humidity","dae414c0-ec20-11e9-a4a3-7d841ff78abf","analog_sensor","%","66"
"2019-10-11T14:02:05.472Z","e98a7f60-ec1f-11e9-a4a3-7d841ff78abf","2","Humidity","dae414c0-ec20-11e9-a4a3-7d841ff78abf","analog_sensor","%","65.8"
"2019-10-11T14:01:49.954Z","e98a7f60-ec1f-11e9-a4a3-7d841ff78abf","2","Humidity","dae414c0-ec20-11e9-a4a3-7d841ff78abf","analog_sensor","%","65.8"
"2019-10-11T14:01:34.980Z","e98a7f60-ec1f-11e9-a4a3-7d841ff78abf","2","Humidity","dae414c0-ec20-11e9-a4a3-7d841ff78abf","analog_sensor","%","65.7"
"2019-10-11T14:01:20.160Z","e98a7f60-ec1f-11e9-a4a3-7d841ff78abf","2","Humidity","dae414c0-ec20-11e9-a4a3-7d841ff78abf","analog_sensor","%","65.4"
"2019-10-11T14:01:04.957Z","e98a7f60-ec1f-11e9-a4a3-7d841ff78abf","2","Humidity","dae414c0-ec20-11e9-a4a3-7d841ff78abf","analog_sensor","%","65.6"
"2019-10-11T14:00:49.898Z","e98a7f60-ec1f-11e9-a4a3-7d841ff78abf","2","Humidity","dae414c0-ec20-11e9-a4a3-7d841ff78abf","analog_sensor","%","65.6"
"2019-10-11T14:00:34.923Z","e98a7f60-ec1f-11e9-a4a3-7d841ff78abf","2","Humidity","dae414c0-ec20-11e9-a4a3-7d841ff78abf","analog_sensor","%","65.8"
"2019-10-11T14:00:19.865Z","e98a7f60-ec1f-11e9-a4a3-7d841ff78abf","2","Humidity","dae414c0-ec20-11e9-a4a3-7d841ff78abf","analog_sensor","%","65.6"
"2019-10-11T14:00:04.967Z","e98a7f60-ec1f-11e9-a4a3-7d841ff78abf","2","Humidity","dae414c0-ec20-11e9-a4a3-7d841ff78abf","analog_sensor","%","65.6"
"2019-10-11T13:59:51.618Z","e98a7f60-ec1f-11e9-a4a3-7d841ff78abf","2","Humidity","dae414c0-ec20-11e9-a4a3-7d841ff78abf","analog_sensor","%","65.8"
"2019-10-11T13:59:34.969Z","e98a7f60-ec1f-11e9-a4a3-7d841ff78abf","2","Humidity","dae414c0-ec20-11e9-a4a3-7d841ff78abf","analog_sensor","%","65.6"
"2019-10-11T13:59:25.647Z","e98a7f60-ec1f-11e9-a4a3-7d841ff78abf","2","Humidity","dae414c0-ec20-11e9-a4a3-7d841ff78abf","analog_sensor","%","65.8"
"2019-10-11T13:59:04.905Z","e98a7f60-ec1f-11e9-a4a3-7d841ff78abf","2","Humidity","dae414c0-ec20-11e9-a4a3-7d841ff78abf","analog_sensor","%","66.1"
"2019-10-11T13:58:52.326Z","e98a7f60-ec1f-11e9-a4a3-7d841ff78abf","2","Humidity","dae414c0-ec20-11e9-a4a3-7d841ff78abf","analog_sensor","%","66.3"
"2019-10-11T13:58:35.073Z","e98a7f60-ec1f-11e9-a4a3-7d841ff78abf","2","Humidity","dae414c0-ec20-11e9-a4a3-7d841ff78abf","analog_sensor","%","66.8"
"2019-10-11T13:58:19.826Z","e98a7f60-ec1f-11e9-a4a3-7d841ff78abf","2","Humidity","dae414c0-ec20-11e9-a4a3-7d841ff78abf","analog_sensor","%","67.3"
"2019-10-11T13:58:04.855Z","e98a7f60-ec1f-11e9-a4a3-7d841ff78abf","2","Humidity","dae414c0-ec20-11e9-a4a3-7d841ff78abf","analog_sensor","%","67.4"
"2019-10-11T13:57:50.016Z","e98a7f60-ec1f-11e9-a4a3-7d841ff78abf","2","Humidity","dae414c0-ec20-11e9-a4a3-7d841ff78abf","analog_sensor","%","67"
"2019-10-11T13:57:34.764Z","e98a7f60-ec1f-11e9-a4a3-7d841ff78abf","2","Humidity","dae414c0-ec20-11e9-a4a3-7d841ff78abf","analog_sensor","%","66.9"
"2019-10-11T13:57:20.040Z","e98a7f60-ec1f-11e9-a4a3-7d841ff78abf","2","Humidity","dae414c0-ec20-11e9-a4a3-7d841ff78abf","analog_sensor","%","66.7"
"2019-10-11T13:57:05.043Z","e98a7f60-ec1f-11e9-a4a3-7d841ff78abf","2","Humidity","dae414c0-ec20-11e9-a4a3-7d841ff78abf","analog_sensor","%","66.5"
"2019-10-11T13:56:49.815Z","e98a7f60-ec1f-11e9-a4a3-7d841ff78abf","2","Humidity","dae414c0-ec20-11e9-a4a3-7d841ff78abf","analog_sensor","%","66.5"
"2019-10-11T13:56:34.953Z","e98a7f60-ec1f-11e9-a4a3-7d841ff78abf","2","Humidity","dae414c0-ec20-11e9-a4a3-7d841ff78abf","analog_sensor","%","66.7"
"2019-10-11T13:56:19.710Z","e98a7f60-ec1f-11e9-a4a3-7d841ff78abf","2","Humidity","dae414c0-ec20-11e9-a4a3-7d841ff78abf","analog_sensor","%","66.5"
"2019-10-11T13:56:04.735Z","e98a7f60-ec1f-11e9-a4a3-7d841ff78abf","2","Humidity","dae414c0-ec20-11e9-a4a3-7d841ff78abf","analog_sensor","%","66.6"
"2019-10-11T13:55:49.757Z","e98a7f60-ec1f-11e9-a4a3-7d841ff78abf","2","Humidity","dae414c0-ec20-11e9-a4a3-7d841ff78abf","analog_sensor","%","66.8"
"2019-10-11T13:55:34.705Z","e98a7f60-ec1f-11e9-a4a3-7d841ff78abf","2","Humidity","dae414c0-ec20-11e9-a4a3-7d841ff78abf","analog_sensor","%","66.6"
"2019-10-11T13:55:19.725Z","e98a7f60-ec1f-11e9-a4a3-7d841ff78abf","2","Humidity","dae414c0-ec20-11e9-a4a3-7d841ff78abf","analog_sensor","%","66.4"
"2019-10-11T13:55:05.338Z","e98a7f60-ec1f-11e9-a4a3-7d841ff78abf","2","Humidity","dae414c0-ec20-11e9-a4a3-7d841ff78abf","analog_sensor","%","66.8"
"2019-10-11T13:54:49.749Z","e98a7f60-ec1f-11e9-a4a3-7d841ff78abf","2","Humidity","dae414c0-ec20-11e9-a4a3-7d841ff78abf","analog_sensor","%","66.5"
"2019-10-11T13:54:34.649Z","e98a7f60-ec1f-11e9-a4a3-7d841ff78abf","2","Humidity","dae414c0-ec20-11e9-a4a3-7d841ff78abf","analog_sensor","%","66.7"
"2019-10-11T13:54:19.669Z","e98a7f60-ec1f-11e9-a4a3-7d841ff78abf","2","Humidity","dae414c0-ec20-11e9-a4a3-7d841ff78abf","analog_sensor","%","66.8"
"2019-10-11T13:54:05.002Z","e98a7f60-ec1f-11e9-a4a3-7d841ff78abf","2","Humidity","dae414c0-ec20-11e9-a4a3-7d841ff78abf","analog_sensor","%","66.7"
"2019-10-11T13:53:49.651Z","e98a7f60-ec1f-11e9-a4a3-7d841ff78abf","2","Humidity","dae414c0-ec20-11e9-a4a3-7d841ff78abf","analog_sensor","%","66.9"
"2019-10-11T13:53:34.590Z","e98a7f60-ec1f-11e9-a4a3-7d841ff78abf","2","Humidity","dae414c0-ec20-11e9-a4a3-7d841ff78abf","analog_sensor","%","66.8"
"2019-10-11T13:53:19.612Z","e98a7f60-ec1f-11e9-a4a3-7d841ff78abf","2","Humidity","dae414c0-ec20-11e9-a4a3-7d841ff78abf","analog_sensor","%","67"
"2019-10-11T13:53:04.562Z","e98a7f60-ec1f-11e9-a4a3-7d841ff78abf","2","Humidity","dae414c0-ec20-11e9-a4a3-7d841ff78abf","analog_sensor","%","67"
"2019-10-11T13:52:49.656Z","e98a7f60-ec1f-11e9-a4a3-7d841ff78abf","2","Humidity","dae414c0-ec20-11e9-a4a3-7d841ff78abf","analog_sensor","%","66.5"
"2019-10-11T13:52:34.623Z","e98a7f60-ec1f-11e9-a4a3-7d841ff78abf","2","Humidity","dae414c0-ec20-11e9-a4a3-7d841ff78abf","analog_sensor","%","66.4"
"2019-10-11T13:52:19.562Z","e98a7f60-ec1f-11e9-a4a3-7d841ff78abf","2","Humidity","dae414c0-ec20-11e9-a4a3-7d841ff78abf","analog_sensor","%","66.6"
"2019-10-11T13:52:04.727Z","e98a7f60-ec1f-11e9-a4a3-7d841ff78abf","2","Humidity","dae414c0-ec20-11e9-a4a3-7d841ff78abf","analog_sensor","%","66.9"
"2019-10-11T13:51:49.842Z","e98a7f60-ec1f-11e9-a4a3-7d841ff78abf","2","Humidity","dae414c0-ec20-11e9-a4a3-7d841ff78abf","analog_sensor","%","66.8"
"2019-10-11T13:51:34.552Z","e98a7f60-ec1f-11e9-a4a3-7d841ff78abf","2","Humidity","dae414c0-ec20-11e9-a4a3-7d841ff78abf","analog_sensor","%","66.6"
"2019-10-11T13:51:19.524Z","e98a7f60-ec1f-11e9-a4a3-7d841ff78abf","2","Humidity","dae414c0-ec20-11e9-a4a3-7d841ff78abf","analog_sensor","%","66.7"
"2019-10-11T13:51:04.521Z","e98a7f60-ec1f-11e9-a4a3-7d841ff78abf","2","Humidity","dae414c0-ec20-11e9-a4a3-7d841ff78abf","analog_sensor","%","66.8"
"2019-10-11T13:50:49.544Z","e98a7f60-ec1f-11e9-a4a3-7d841ff78abf","2","Humidity","dae414c0-ec20-11e9-a4a3-7d841ff78abf","analog_sensor","%","66.8"
"2019-10-11T13:50:34.491Z","e98a7f60-ec1f-11e9-a4a3-7d841ff78abf","2","Humidity","dae414c0-ec20-11e9-a4a3-7d841ff78abf","analog_sensor","%","66.6"
"2019-10-11T13:50:20.278Z","e98a7f60-ec1f-11e9-a4a3-7d841ff78abf","2","Humidity","dae414c0-ec20-11e9-a4a3-7d841ff78abf","analog_sensor","%","66.6"
"2019-10-11T13:50:04.459Z","e98a7f60-ec1f-11e9-a4a3-7d841ff78abf","2","Humidity","dae414c0-ec20-11e9-a4a3-7d841ff78abf","analog_sensor","%","66.3"
"2019-10-11T13:49:49.625Z","e98a7f60-ec1f-11e9-a4a3-7d841ff78abf","2","Humidity","dae414c0-ec20-11e9-a4a3-7d841ff78abf","analog_sensor","%","66.3"
"2019-10-11T13:49:34.443Z","e98a7f60-ec1f-11e9-a4a3-7d841ff78abf","2","Humidity","dae414c0-ec20-11e9-a4a3-7d841ff78abf","analog_sensor","%","66.4"
"2019-10-11T13:49:26.765Z","e98a7f60-ec1f-11e9-a4a3-7d841ff78abf","2","Humidity","dae414c0-ec20-11e9-a4a3-7d841ff78abf","analog_sensor","%","66.2"
"2019-10-11T13:49:26.597Z","e98a7f60-ec1f-11e9-a4a3-7d841ff78abf","2","Humidity","dae414c0-ec20-11e9-a4a3-7d841ff78abf","analog_sensor","%","66.1"
"2019-10-11T13:48:49.689Z","e98a7f60-ec1f-11e9-a4a3-7d841ff78abf","2","Humidity","dae414c0-ec20-11e9-a4a3-7d841ff78abf","analog_sensor","%","66.2"
"2019-10-11T13:48:34.375Z","e98a7f60-ec1f-11e9-a4a3-7d841ff78abf","2","Humidity","dae414c0-ec20-11e9-a4a3-7d841ff78abf","analog_sensor","%","66.4"
"2019-10-11T13:48:34.082Z","e98a7f60-ec1f-11e9-a4a3-7d841ff78abf","2","Humidity","dae414c0-ec20-11e9-a4a3-7d841ff78abf","analog_sensor","%","66.3"
"2019-10-11T13:48:34.071Z","e98a7f60-ec1f-11e9-a4a3-7d841ff78abf","2","Humidity","dae414c0-ec20-11e9-a4a3-7d841ff78abf","analog_sensor","%","66.2"
"2019-10-11T13:47:49.403Z","e98a7f60-ec1f-11e9-a4a3-7d841ff78abf","2","Humidity","dae414c0-ec20-11e9-a4a3-7d841ff78abf","analog_sensor","%","66.4"
"2019-10-11T13:46:03.617Z","e98a7f60-ec1f-11e9-a4a3-7d841ff78abf","2","Humidity","dae414c0-ec20-11e9-a4a3-7d841ff78abf","analog_sensor","%","66.4"
"2019-10-11T13:45:48.639Z","e98a7f60-ec1f-11e9-a4a3-7d841ff78abf","2","Humidity","dae414c0-ec20-11e9-a4a3-7d841ff78abf","analog_sensor","%","66.4"
"2019-10-11T13:45:33.583Z","e98a7f60-ec1f-11e9-a4a3-7d841ff78abf","2","Humidity","dae414c0-ec20-11e9-a4a3-7d841ff78abf","analog_sensor","%","66.5"
"2019-10-11T13:45:18.610Z","e98a7f60-ec1f-11e9-a4a3-7d841ff78abf","2","Humidity","dae414c0-ec20-11e9-a4a3-7d841ff78abf","analog_sensor","%","66.8"
"2019-10-11T13:45:03.696Z","e98a7f60-ec1f-11e9-a4a3-7d841ff78abf","2","Humidity","dae414c0-ec20-11e9-a4a3-7d841ff78abf","analog_sensor","%","67"
"2019-10-11T13:44:49.145Z","e98a7f60-ec1f-11e9-a4a3-7d841ff78abf","2","Humidity","dae414c0-ec20-11e9-a4a3-7d841ff78abf","analog_sensor","%","66.8"
"2019-10-11T13:44:33.602Z","e98a7f60-ec1f-11e9-a4a3-7d841ff78abf","2","Humidity","dae414c0-ec20-11e9-a4a3-7d841ff78abf","analog_sensor","%","66.6"
"2019-10-11T13:44:18.562Z","e98a7f60-ec1f-11e9-a4a3-7d841ff78abf","2","Humidity","dae414c0-ec20-11e9-a4a3-7d841ff78abf","analog_sensor","%","66.6"
"2019-10-11T13:44:03.575Z","e98a7f60-ec1f-11e9-a4a3-7d841ff78abf","2","Humidity","dae414c0-ec20-11e9-a4a3-7d841ff78abf","analog_sensor","%","66.3"
"2019-10-11T13:43:48.617Z","e98a7f60-ec1f-11e9-a4a3-7d841ff78abf","2","Humidity","dae414c0-ec20-11e9-a4a3-7d841ff78abf","analog_sensor","%","66"
"2019-10-11T13:43:33.547Z","e98a7f60-ec1f-11e9-a4a3-7d841ff78abf","2","Humidity","dae414c0-ec20-11e9-a4a3-7d841ff78abf","analog_sensor","%","65.9"
"2019-10-11T13:43:18.511Z","e98a7f60-ec1f-11e9-a4a3-7d841ff78abf","2","Humidity","dae414c0-ec20-11e9-a4a3-7d841ff78abf","analog_sensor","%","65.7"
"2019-10-11T13:43:03.515Z","e98a7f60-ec1f-11e9-a4a3-7d841ff78abf","2","Humidity","dae414c0-ec20-11e9-a4a3-7d841ff78abf","analog_sensor","%","65.5"
"2019-10-11T13:42:48.490Z","e98a7f60-ec1f-11e9-a4a3-7d841ff78abf","2","Humidity","dae414c0-ec20-11e9-a4a3-7d841ff78abf","analog_sensor","%","65.6"
"2019-10-11T13:42:33.826Z","e98a7f60-ec1f-11e9-a4a3-7d841ff78abf","2","Humidity","dae414c0-ec20-11e9-a4a3-7d841ff78abf","analog_sensor","%","65.7"
"2019-10-11T13:42:18.511Z","e98a7f60-ec1f-11e9-a4a3-7d841ff78abf","2","Humidity","dae414c0-ec20-11e9-a4a3-7d841ff78abf","analog_sensor","%","65.8"
"2019-10-11T13:42:03.479Z","e98a7f60-ec1f-11e9-a4a3-7d841ff78abf","2","Humidity","dae414c0-ec20-11e9-a4a3-7d841ff78abf","analog_sensor","%","65.7"
"2019-10-11T13:41:48.590Z","e98a7f60-ec1f-11e9-a4a3-7d841ff78abf","2","Humidity","dae414c0-ec20-11e9-a4a3-7d841ff78abf","analog_sensor","%","65.4"
"2019-10-11T13:41:33.582Z","e98a7f60-ec1f-11e9-a4a3-7d841ff78abf","2","Humidity","dae414c0-ec20-11e9-a4a3-7d841ff78abf","analog_sensor","%","65.3"
"2019-10-11T13:41:18.449Z","e98a7f60-ec1f-11e9-a4a3-7d841ff78abf","2","Humidity","dae414c0-ec20-11e9-a4a3-7d841ff78abf","analog_sensor","%","65.3"
"2019-10-11T13:41:03.414Z","e98a7f60-ec1f-11e9-a4a3-7d841ff78abf","2","Humidity","dae414c0-ec20-11e9-a4a3-7d841ff78abf","analog_sensor","%","65.3"
"2019-10-11T13:40:48.761Z","e98a7f60-ec1f-11e9-a4a3-7d841ff78abf","2","Humidity","dae414c0-ec20-11e9-a4a3-7d841ff78abf","analog_sensor","%","65.2"
"2019-10-11T13:40:33.447Z","e98a7f60-ec1f-11e9-a4a3-7d841ff78abf","2","Humidity","dae414c0-ec20-11e9-a4a3-7d841ff78abf","analog_sensor","%","65"
"2019-10-11T13:40:19.021Z","e98a7f60-ec1f-11e9-a4a3-7d841ff78abf","2","Humidity","dae414c0-ec20-11e9-a4a3-7d841ff78abf","analog_sensor","%","65"
"2019-10-11T13:40:03.414Z","e98a7f60-ec1f-11e9-a4a3-7d841ff78abf","2","Humidity","dae414c0-ec20-11e9-a4a3-7d841ff78abf","analog_sensor","%","65"
"2019-10-11T13:39:48.409Z","e98a7f60-ec1f-11e9-a4a3-7d841ff78abf","2","Humidity","dae414c0-ec20-11e9-a4a3-7d841ff78abf","analog_sensor","%","64.8"
"2019-10-11T13:39:33.384Z","e98a7f60-ec1f-11e9-a4a3-7d841ff78abf","2","Humidity","dae414c0-ec20-11e9-a4a3-7d841ff78abf","analog_sensor","%","64.8"
"2019-10-11T13:39:18.344Z","e98a7f60-ec1f-11e9-a4a3-7d841ff78abf","2","Humidity","dae414c0-ec20-11e9-a4a3-7d841ff78abf","analog_sensor","%","64.8"
"2019-10-11T13:39:03.356Z","e98a7f60-ec1f-11e9-a4a3-7d841ff78abf","2","Humidity","dae414c0-ec20-11e9-a4a3-7d841ff78abf","analog_sensor","%","64.9"
"2019-10-11T13:38:48.314Z","e98a7f60-ec1f-11e9-a4a3-7d841ff78abf","2","Humidity","dae414c0-ec20-11e9-a4a3-7d841ff78abf","analog_sensor","%","64.6"
"2019-10-11T13:38:33.414Z","e98a7f60-ec1f-11e9-a4a3-7d841ff78abf","2","Humidity","dae414c0-ec20-11e9-a4a3-7d841ff78abf","analog_sensor","%","64.6"
"2019-10-11T13:38:18.285Z","e98a7f60-ec1f-11e9-a4a3-7d841ff78abf","2","Humidity","dae414c0-ec20-11e9-a4a3-7d841ff78abf","analog_sensor","%","64.4"
"2019-10-11T13:38:03.584Z","e98a7f60-ec1f-11e9-a4a3-7d841ff78abf","2","Humidity","dae414c0-ec20-11e9-a4a3-7d841ff78abf","analog_sensor","%","64.6"
"2019-10-11T13:37:48.355Z","e98a7f60-ec1f-11e9-a4a3-7d841ff78abf","2","Humidity","dae414c0-ec20-11e9-a4a3-7d841ff78abf","analog_sensor","%","64.5"
"2019-10-11T13:37:33.374Z","e98a7f60-ec1f-11e9-a4a3-7d841ff78abf","2","Humidity","dae414c0-ec20-11e9-a4a3-7d841ff78abf","analog_sensor","%","64.7"
"2019-10-11T13:37:18.290Z","e98a7f60-ec1f-11e9-a4a3-7d841ff78abf","2","Humidity","dae414c0-ec20-11e9-a4a3-7d841ff78abf","analog_sensor","%","64.9"
"2019-10-11T13:37:03.255Z","e98a7f60-ec1f-11e9-a4a3-7d841ff78abf","2","Humidity","dae414c0-ec20-11e9-a4a3-7d841ff78abf","analog_sensor","%","65"
"2019-10-11T13:36:48.265Z","e98a7f60-ec1f-11e9-a4a3-7d841ff78abf","2","Humidity","dae414c0-ec20-11e9-a4a3-7d841ff78abf","analog_sensor","%","64.8"
"2019-10-11T13:36:33.288Z","e98a7f60-ec1f-11e9-a4a3-7d841ff78abf","2","Humidity","dae414c0-ec20-11e9-a4a3-7d841ff78abf","analog_sensor","%","65.2"
"2019-10-11T13:36:18.310Z","e98a7f60-ec1f-11e9-a4a3-7d841ff78abf","2","Humidity","dae414c0-ec20-11e9-a4a3-7d841ff78abf","analog_sensor","%","65.4"
"2019-10-11T13:36:03.179Z","e98a7f60-ec1f-11e9-a4a3-7d841ff78abf","2","Humidity","dae414c0-ec20-11e9-a4a3-7d841ff78abf","analog_sensor","%","65.2"
"2019-10-11T13:35:48.204Z","e98a7f60-ec1f-11e9-a4a3-7d841ff78abf","2","Humidity","dae414c0-ec20-11e9-a4a3-7d841ff78abf","analog_sensor","%","65.5"
"2019-10-11T13:35:33.238Z","e98a7f60-ec1f-11e9-a4a3-7d841ff78abf","2","Humidity","dae414c0-ec20-11e9-a4a3-7d841ff78abf","analog_sensor","%","65.9"
"2019-10-11T13:35:18.215Z","e98a7f60-ec1f-11e9-a4a3-7d841ff78abf","2","Humidity","dae414c0-ec20-11e9-a4a3-7d841ff78abf","analog_sensor","%","66"
"2019-10-11T13:35:03.300Z","e98a7f60-ec1f-11e9-a4a3-7d841ff78abf","2","Humidity","dae414c0-ec20-11e9-a4a3-7d841ff78abf","analog_sensor","%","65.7"
"2019-10-11T13:34:48.151Z","e98a7f60-ec1f-11e9-a4a3-7d841ff78abf","2","Humidity","dae414c0-ec20-11e9-a4a3-7d841ff78abf","analog_sensor","%","65.7"
"2019-10-11T13:34:33.191Z","e98a7f60-ec1f-11e9-a4a3-7d841ff78abf","2","Humidity","dae414c0-ec20-11e9-a4a3-7d841ff78abf","analog_sensor","%","65.6"
"2019-10-11T13:34:18.114Z","e98a7f60-ec1f-11e9-a4a3-7d841ff78abf","2","Humidity","dae414c0-ec20-11e9-a4a3-7d841ff78abf","analog_sensor","%","65.5"
"2019-10-11T13:34:03.146Z","e98a7f60-ec1f-11e9-a4a3-7d841ff78abf","2","Humidity","dae414c0-ec20-11e9-a4a3-7d841ff78abf","analog_sensor","%","65.6"
"2019-10-11T13:33:48.126Z","e98a7f60-ec1f-11e9-a4a3-7d841ff78abf","2","Humidity","dae414c0-ec20-11e9-a4a3-7d841ff78abf","analog_sensor","%","65.9"
"2019-10-11T13:33:33.113Z","e98a7f60-ec1f-11e9-a4a3-7d841ff78abf","2","Humidity","dae414c0-ec20-11e9-a4a3-7d841ff78abf","analog_sensor","%","66"
"2019-10-11T13:33:18.144Z","e98a7f60-ec1f-11e9-a4a3-7d841ff78abf","2","Humidity","dae414c0-ec20-11e9-a4a3-7d841ff78abf","analog_sensor","%","66"
"2019-10-11T13:33:03.091Z","e98a7f60-ec1f-11e9-a4a3-7d841ff78abf","2","Humidity","dae414c0-ec20-11e9-a4a3-7d841ff78abf","analog_sensor","%","66.2"
"2019-10-11T13:32:48.195Z","e98a7f60-ec1f-11e9-a4a3-7d841ff78abf","2","Humidity","dae414c0-ec20-11e9-a4a3-7d841ff78abf","analog_sensor","%","66.4"
"2019-10-11T13:32:33.229Z","e98a7f60-ec1f-11e9-a4a3-7d841ff78abf","2","Humidity","dae414c0-ec20-11e9-a4a3-7d841ff78abf","analog_sensor","%","66.5"
"2019-10-11T13:32:18.102Z","e98a7f60-ec1f-11e9-a4a3-7d841ff78abf","2","Humidity","dae414c0-ec20-11e9-a4a3-7d841ff78abf","analog_sensor","%","66.5"
"2019-10-11T13:32:03.038Z","e98a7f60-ec1f-11e9-a4a3-7d841ff78abf","2","Humidity","dae414c0-ec20-11e9-a4a3-7d841ff78abf","analog_sensor","%","66.8"
"2019-10-11T13:31:48.112Z","e98a7f60-ec1f-11e9-a4a3-7d841ff78abf","2","Humidity","dae414c0-ec20-11e9-a4a3-7d841ff78abf","analog_sensor","%","66.9"
"2019-10-11T13:31:33.444Z","e98a7f60-ec1f-11e9-a4a3-7d841ff78abf","2","Humidity","dae414c0-ec20-11e9-a4a3-7d841ff78abf","analog_sensor","%","66.9"
"2019-10-11T13:31:19.835Z","e98a7f60-ec1f-11e9-a4a3-7d841ff78abf","2","Humidity","dae414c0-ec20-11e9-a4a3-7d841ff78abf","analog_sensor","%","66.7"
"2019-10-11T13:31:03.094Z","e98a7f60-ec1f-11e9-a4a3-7d841ff78abf","2","Humidity","dae414c0-ec20-11e9-a4a3-7d841ff78abf","analog_sensor","%","66.7"
"2019-10-11T13:30:48.068Z","e98a7f60-ec1f-11e9-a4a3-7d841ff78abf","2","Humidity","dae414c0-ec20-11e9-a4a3-7d841ff78abf","analog_sensor","%","66.7"
"2019-10-11T13:30:33.019Z","e98a7f60-ec1f-11e9-a4a3-7d841ff78abf","2","Humidity","dae414c0-ec20-11e9-a4a3-7d841ff78abf","analog_sensor","%","67"
"2019-10-11T13:30:17.962Z","e98a7f60-ec1f-11e9-a4a3-7d841ff78abf","2","Humidity","dae414c0-ec20-11e9-a4a3-7d841ff78abf","analog_sensor","%","67.3"
"2019-10-11T13:30:03.008Z","e98a7f60-ec1f-11e9-a4a3-7d841ff78abf","2","Humidity","dae414c0-ec20-11e9-a4a3-7d841ff78abf","analog_sensor","%","67.3"
"2019-10-11T13:29:47.948Z","e98a7f60-ec1f-11e9-a4a3-7d841ff78abf","2","Humidity","dae414c0-ec20-11e9-a4a3-7d841ff78abf","analog_sensor","%","67.4"
"2019-10-11T13:29:33.037Z","e98a7f60-ec1f-11e9-a4a3-7d841ff78abf","2","Humidity","dae414c0-ec20-11e9-a4a3-7d841ff78abf","analog_sensor","%","67.8"
"2019-10-11T13:29:18.019Z","e98a7f60-ec1f-11e9-a4a3-7d841ff78abf","2","Humidity","dae414c0-ec20-11e9-a4a3-7d841ff78abf","analog_sensor","%","68"
"2019-10-11T13:29:02.939Z","e98a7f60-ec1f-11e9-a4a3-7d841ff78abf","2","Humidity","dae414c0-ec20-11e9-a4a3-7d841ff78abf","analog_sensor","%","68.3"
"2019-10-11T13:28:48.035Z","e98a7f60-ec1f-11e9-a4a3-7d841ff78abf","2","Humidity","dae414c0-ec20-11e9-a4a3-7d841ff78abf","analog_sensor","%","67.8"
"2019-10-11T13:28:32.894Z","e98a7f60-ec1f-11e9-a4a3-7d841ff78abf","2","Humidity","dae414c0-ec20-11e9-a4a3-7d841ff78abf","analog_sensor","%","67.6"
"2019-10-11T13:28:17.922Z","e98a7f60-ec1f-11e9-a4a3-7d841ff78abf","2","Humidity","dae414c0-ec20-11e9-a4a3-7d841ff78abf","analog_sensor","%","67.7"
"2019-10-11T13:28:02.920Z","e98a7f60-ec1f-11e9-a4a3-7d841ff78abf","2","Humidity","dae414c0-ec20-11e9-a4a3-7d841ff78abf","analog_sensor","%","67.6"
"2019-10-11T13:27:47.897Z","e98a7f60-ec1f-11e9-a4a3-7d841ff78abf","2","Humidity","dae414c0-ec20-11e9-a4a3-7d841ff78abf","analog_sensor","%","67.9"
"2019-10-11T13:27:32.846Z","e98a7f60-ec1f-11e9-a4a3-7d841ff78abf","2","Humidity","dae414c0-ec20-11e9-a4a3-7d841ff78abf","analog_sensor","%","68"
"2019-10-11T13:27:17.893Z","e98a7f60-ec1f-11e9-a4a3-7d841ff78abf","2","Humidity","dae414c0-ec20-11e9-a4a3-7d841ff78abf","analog_sensor","%","68.1"
"2019-10-11T13:27:02.812Z","e98a7f60-ec1f-11e9-a4a3-7d841ff78abf","2","Humidity","dae414c0-ec20-11e9-a4a3-7d841ff78abf","analog_sensor","%","68.1"
"2019-10-11T13:26:47.883Z","e98a7f60-ec1f-11e9-a4a3-7d841ff78abf","2","Humidity","dae414c0-ec20-11e9-a4a3-7d841ff78abf","analog_sensor","%","68.1"
"2019-10-11T13:26:32.900Z","e98a7f60-ec1f-11e9-a4a3-7d841ff78abf","2","Humidity","dae414c0-ec20-11e9-a4a3-7d841ff78abf","analog_sensor","%","68"
"2019-10-11T13:26:17.811Z","e98a7f60-ec1f-11e9-a4a3-7d841ff78abf","2","Humidity","dae414c0-ec20-11e9-a4a3-7d841ff78abf","analog_sensor","%","68"
"2019-10-11T13:25:55.699Z","e98a7f60-ec1f-11e9-a4a3-7d841ff78abf","2","Humidity","dae414c0-ec20-11e9-a4a3-7d841ff78abf","analog_sensor","%","67.9"
"2019-10-11T13:25:41.050Z","e98a7f60-ec1f-11e9-a4a3-7d841ff78abf","2","Humidity","dae414c0-ec20-11e9-a4a3-7d841ff78abf","analog_sensor","%","67.4"
"2019-10-11T13:25:25.709Z","e98a7f60-ec1f-11e9-a4a3-7d841ff78abf","2","Humidity","dae414c0-ec20-11e9-a4a3-7d841ff78abf","analog_sensor","%","67.2"
"2019-10-11T13:25:10.806Z","e98a7f60-ec1f-11e9-a4a3-7d841ff78abf","2","Humidity","dae414c0-ec20-11e9-a4a3-7d841ff78abf","analog_sensor","%","67.2"
"2019-10-11T13:24:55.644Z","e98a7f60-ec1f-11e9-a4a3-7d841ff78abf","2","Humidity","dae414c0-ec20-11e9-a4a3-7d841ff78abf","analog_sensor","%","67.5"
"2019-10-11T13:24:40.665Z","e98a7f60-ec1f-11e9-a4a3-7d841ff78abf","2","Humidity","dae414c0-ec20-11e9-a4a3-7d841ff78abf","analog_sensor","%","67.4"
"2019-10-11T13:24:25.690Z","e98a7f60-ec1f-11e9-a4a3-7d841ff78abf","2","Humidity","dae414c0-ec20-11e9-a4a3-7d841ff78abf","analog_sensor","%","67.1"
"2019-10-11T13:24:10.652Z","e98a7f60-ec1f-11e9-a4a3-7d841ff78abf","2","Humidity","dae414c0-ec20-11e9-a4a3-7d841ff78abf","analog_sensor","%","67"
"2019-10-11T13:23:55.657Z","e98a7f60-ec1f-11e9-a4a3-7d841ff78abf","2","Humidity","dae414c0-ec20-11e9-a4a3-7d841ff78abf","analog_sensor","%","66.9"
"2019-10-11T13:23:40.611Z","e98a7f60-ec1f-11e9-a4a3-7d841ff78abf","2","Humidity","dae414c0-ec20-11e9-a4a3-7d841ff78abf","analog_sensor","%","67.1"
"2019-10-11T13:23:25.621Z","e98a7f60-ec1f-11e9-a4a3-7d841ff78abf","2","Humidity","dae414c0-ec20-11e9-a4a3-7d841ff78abf","analog_sensor","%","66.9"
"2019-10-11T13:23:10.644Z","e98a7f60-ec1f-11e9-a4a3-7d841ff78abf","2","Humidity","dae414c0-ec20-11e9-a4a3-7d841ff78abf","analog_sensor","%","66.9"
"2019-10-11T13:22:55.595Z","e98a7f60-ec1f-11e9-a4a3-7d841ff78abf","2","Humidity","dae414c0-ec20-11e9-a4a3-7d841ff78abf","analog_sensor","%","66.9"
"2019-10-11T13:22:40.687Z","e98a7f60-ec1f-11e9-a4a3-7d841ff78abf","2","Humidity","dae414c0-ec20-11e9-a4a3-7d841ff78abf","analog_sensor","%","66.9"
"2019-10-11T13:22:25.659Z","e98a7f60-ec1f-11e9-a4a3-7d841ff78abf","2","Humidity","dae414c0-ec20-11e9-a4a3-7d841ff78abf","analog_sensor","%","67.1"
"2019-10-11T13:22:10.654Z","e98a7f60-ec1f-11e9-a4a3-7d841ff78abf","2","Humidity","dae414c0-ec20-11e9-a4a3-7d841ff78abf","analog_sensor","%","67.2"
"2019-10-11T13:21:55.609Z","e98a7f60-ec1f-11e9-a4a3-7d841ff78abf","2","Humidity","dae414c0-ec20-11e9-a4a3-7d841ff78abf","analog_sensor","%","66.9"
"2019-10-11T13:21:40.576Z","e98a7f60-ec1f-11e9-a4a3-7d841ff78abf","2","Humidity","dae414c0-ec20-11e9-a4a3-7d841ff78abf","analog_sensor","%","67.2"
"2019-10-11T13:21:25.586Z","e98a7f60-ec1f-11e9-a4a3-7d841ff78abf","2","Humidity","dae414c0-ec20-11e9-a4a3-7d841ff78abf","analog_sensor","%","67.1"
"2019-10-11T13:21:10.675Z","e98a7f60-ec1f-11e9-a4a3-7d841ff78abf","2","Humidity","dae414c0-ec20-11e9-a4a3-7d841ff78abf","analog_sensor","%","67.2"
"2019-10-11T13:20:55.555Z","e98a7f60-ec1f-11e9-a4a3-7d841ff78abf","2","Humidity","dae414c0-ec20-11e9-a4a3-7d841ff78abf","analog_sensor","%","67"
"2019-10-11T13:20:40.562Z","e98a7f60-ec1f-11e9-a4a3-7d841ff78abf","2","Humidity","dae414c0-ec20-11e9-a4a3-7d841ff78abf","analog_sensor","%","66.9"
"2019-10-11T13:20:25.585Z","e98a7f60-ec1f-11e9-a4a3-7d841ff78abf","2","Humidity","dae414c0-ec20-11e9-a4a3-7d841ff78abf","analog_sensor","%","66.8"
"2019-10-11T13:20:10.468Z","e98a7f60-ec1f-11e9-a4a3-7d841ff78abf","2","Humidity","dae414c0-ec20-11e9-a4a3-7d841ff78abf","analog_sensor","%","66.7"
"2019-10-11T13:19:55.498Z","e98a7f60-ec1f-11e9-a4a3-7d841ff78abf","2","Humidity","dae414c0-ec20-11e9-a4a3-7d841ff78abf","analog_sensor","%","66.5"
"2019-10-11T13:19:40.437Z","e98a7f60-ec1f-11e9-a4a3-7d841ff78abf","2","Humidity","dae414c0-ec20-11e9-a4a3-7d841ff78abf","analog_sensor","%","66.6"
"2019-10-11T13:19:25.473Z","e98a7f60-ec1f-11e9-a4a3-7d841ff78abf","2","Humidity","dae414c0-ec20-11e9-a4a3-7d841ff78abf","analog_sensor","%","66.7"
"2019-10-11T13:19:10.901Z","e98a7f60-ec1f-11e9-a4a3-7d841ff78abf","2","Humidity","dae414c0-ec20-11e9-a4a3-7d841ff78abf","analog_sensor","%","66.8"
"2019-10-11T13:18:55.435Z","e98a7f60-ec1f-11e9-a4a3-7d841ff78abf","2","Humidity","dae414c0-ec20-11e9-a4a3-7d841ff78abf","analog_sensor","%","66.9"
"2019-10-11T13:18:40.379Z","e98a7f60-ec1f-11e9-a4a3-7d841ff78abf","2","Humidity","dae414c0-ec20-11e9-a4a3-7d841ff78abf","analog_sensor","%","66.8"
"2019-10-11T13:18:25.485Z","e98a7f60-ec1f-11e9-a4a3-7d841ff78abf","2","Humidity","dae414c0-ec20-11e9-a4a3-7d841ff78abf","analog_sensor","%","66.2"
"2019-10-11T13:18:10.432Z","e98a7f60-ec1f-11e9-a4a3-7d841ff78abf","2","Humidity","dae414c0-ec20-11e9-a4a3-7d841ff78abf","analog_sensor","%","65.4"
"2019-10-11T13:17:55.436Z","e98a7f60-ec1f-11e9-a4a3-7d841ff78abf","2","Humidity","dae414c0-ec20-11e9-a4a3-7d841ff78abf","analog_sensor","%","65.1"
"2019-10-11T13:17:40.759Z","e98a7f60-ec1f-11e9-a4a3-7d841ff78abf","2","Humidity","dae414c0-ec20-11e9-a4a3-7d841ff78abf","analog_sensor","%","65.2"
"2019-10-11T13:17:25.419Z","e98a7f60-ec1f-11e9-a4a3-7d841ff78abf","2","Humidity","dae414c0-ec20-11e9-a4a3-7d841ff78abf","analog_sensor","%","65.2"
"2019-10-11T13:17:12.344Z","e98a7f60-ec1f-11e9-a4a3-7d841ff78abf","2","Humidity","dae414c0-ec20-11e9-a4a3-7d841ff78abf","analog_sensor","%","65.2"
"2019-10-11T13:16:55.408Z","e98a7f60-ec1f-11e9-a4a3-7d841ff78abf","2","Humidity","dae414c0-ec20-11e9-a4a3-7d841ff78abf","analog_sensor","%","64.8"
"2019-10-11T13:16:40.507Z","e98a7f60-ec1f-11e9-a4a3-7d841ff78abf","2","Humidity","dae414c0-ec20-11e9-a4a3-7d841ff78abf","analog_sensor","%","64.6"
"2019-10-11T13:16:25.406Z","e98a7f60-ec1f-11e9-a4a3-7d841ff78abf","2","Humidity","dae414c0-ec20-11e9-a4a3-7d841ff78abf","analog_sensor","%","64.4"
"2019-10-11T13:16:11.850Z","e98a7f60-ec1f-11e9-a4a3-7d841ff78abf","2","Humidity","dae414c0-ec20-11e9-a4a3-7d841ff78abf","analog_sensor","%","64.1"
"2019-10-11T13:15:55.440Z","e98a7f60-ec1f-11e9-a4a3-7d841ff78abf","2","Humidity","dae414c0-ec20-11e9-a4a3-7d841ff78abf","analog_sensor","%","64.1"
"2019-10-11T13:15:40.281Z","e98a7f60-ec1f-11e9-a4a3-7d841ff78abf","2","Humidity","dae414c0-ec20-11e9-a4a3-7d841ff78abf","analog_sensor","%","63.9"
"2019-10-11T13:15:25.812Z","e98a7f60-ec1f-11e9-a4a3-7d841ff78abf","2","Humidity","dae414c0-ec20-11e9-a4a3-7d841ff78abf","analog_sensor","%","63.6"
"2019-10-11T13:15:11.263Z","e98a7f60-ec1f-11e9-a4a3-7d841ff78abf","2","Humidity","dae414c0-ec20-11e9-a4a3-7d841ff78abf","analog_sensor","%","63.6"
"2019-10-11T13:14:55.288Z","e98a7f60-ec1f-11e9-a4a3-7d841ff78abf","2","Humidity","dae414c0-ec20-11e9-a4a3-7d841ff78abf","analog_sensor","%","63.7"
"2019-10-11T13:14:40.252Z","e98a7f60-ec1f-11e9-a4a3-7d841ff78abf","2","Humidity","dae414c0-ec20-11e9-a4a3-7d841ff78abf","analog_sensor","%","63.3"
"2019-10-11T13:14:25.250Z","e98a7f60-ec1f-11e9-a4a3-7d841ff78abf","2","Humidity","dae414c0-ec20-11e9-a4a3-7d841ff78abf","analog_sensor","%","63"
"2019-10-11T13:14:10.682Z","e98a7f60-ec1f-11e9-a4a3-7d841ff78abf","2","Humidity","dae414c0-ec20-11e9-a4a3-7d841ff78abf","analog_sensor","%","63.1"
"2019-10-11T13:14:10.638Z","e98a7f60-ec1f-11e9-a4a3-7d841ff78abf","2","Humidity","dae414c0-ec20-11e9-a4a3-7d841ff78abf","analog_sensor","%","63.2"
"2019-10-11T13:14:09.905Z","e98a7f60-ec1f-11e9-a4a3-7d841ff78abf","2","Humidity","dae414c0-ec20-11e9-a4a3-7d841ff78abf","analog_sensor","%","63.4"
"2019-10-11T13:13:25.186Z","e98a7f60-ec1f-11e9-a4a3-7d841ff78abf","2","Humidity","dae414c0-ec20-11e9-a4a3-7d841ff78abf","analog_sensor","%","64.1"
"2019-10-11T13:13:10.220Z","e98a7f60-ec1f-11e9-a4a3-7d841ff78abf","2","Humidity","dae414c0-ec20-11e9-a4a3-7d841ff78abf","analog_sensor","%","65.9"
"2019-10-11T13:12:55.253Z","e98a7f60-ec1f-11e9-a4a3-7d841ff78abf","2","Humidity","dae414c0-ec20-11e9-a4a3-7d841ff78abf","analog_sensor","%","74.6"
"2019-10-11T13:12:40.180Z","e98a7f60-ec1f-11e9-a4a3-7d841ff78abf","2","Humidity","dae414c0-ec20-11e9-a4a3-7d841ff78abf","analog_sensor","%","99.9"
"2019-10-11T13:12:25.172Z","e98a7f60-ec1f-11e9-a4a3-7d841ff78abf","2","Humidity","dae414c0-ec20-11e9-a4a3-7d841ff78abf","analog_sensor","%","96"
"2019-10-11T13:12:10.164Z","e98a7f60-ec1f-11e9-a4a3-7d841ff78abf","2","Humidity","dae414c0-ec20-11e9-a4a3-7d841ff78abf","analog_sensor","%","56.7"
"2019-10-11T13:11:55.140Z","e98a7f60-ec1f-11e9-a4a3-7d841ff78abf","2","Humidity","dae414c0-ec20-11e9-a4a3-7d841ff78abf","analog_sensor","%","56.3"
"2019-10-11T13:11:41.501Z","e98a7f60-ec1f-11e9-a4a3-7d841ff78abf","2","Humidity","dae414c0-ec20-11e9-a4a3-7d841ff78abf","analog_sensor","%","56.3"
"2019-10-11T13:11:25.152Z","e98a7f60-ec1f-11e9-a4a3-7d841ff78abf","2","Humidity","dae414c0-ec20-11e9-a4a3-7d841ff78abf","analog_sensor","%","56.3"
"2019-10-11T13:11:10.173Z","e98a7f60-ec1f-11e9-a4a3-7d841ff78abf","2","Humidity","dae414c0-ec20-11e9-a4a3-7d841ff78abf","analog_sensor","%","56.1"
"2019-10-11T13:10:55.801Z","e98a7f60-ec1f-11e9-a4a3-7d841ff78abf","2","Humidity","dae414c0-ec20-11e9-a4a3-7d841ff78abf","analog_sensor","%","56.2"
"2019-10-11T13:10:40.065Z","e98a7f60-ec1f-11e9-a4a3-7d841ff78abf","2","Humidity","dae414c0-ec20-11e9-a4a3-7d841ff78abf","analog_sensor","%","56"
"2019-10-11T13:10:25.090Z","e98a7f60-ec1f-11e9-a4a3-7d841ff78abf","2","Humidity","dae414c0-ec20-11e9-a4a3-7d841ff78abf","analog_sensor","%","55.8"
"2019-10-11T13:10:10.387Z","e98a7f60-ec1f-11e9-a4a3-7d841ff78abf","2","Humidity","dae414c0-ec20-11e9-a4a3-7d841ff78abf","analog_sensor","%","55.6"
"2019-10-11T13:09:50.654Z","e98a7f60-ec1f-11e9-a4a3-7d841ff78abf","2","Humidity","dae414c0-ec20-11e9-a4a3-7d841ff78abf","analog_sensor","%","55.5"
"2019-10-11T13:09:35.170Z","e98a7f60-ec1f-11e9-a4a3-7d841ff78abf","2","Humidity","dae414c0-ec20-11e9-a4a3-7d841ff78abf","analog_sensor","%","55.3"
"2019-10-11T13:09:20.141Z","e98a7f60-ec1f-11e9-a4a3-7d841ff78abf","2","Humidity","dae414c0-ec20-11e9-a4a3-7d841ff78abf","analog_sensor","%","55.1"
"2019-10-11T13:09:05.510Z","e98a7f60-ec1f-11e9-a4a3-7d841ff78abf","2","Humidity","dae414c0-ec20-11e9-a4a3-7d841ff78abf","analog_sensor","%","54.8"
"2019-10-11T13:08:50.168Z","e98a7f60-ec1f-11e9-a4a3-7d841ff78abf","2","Humidity","dae414c0-ec20-11e9-a4a3-7d841ff78abf","analog_sensor","%","54.6"
"2019-10-11T13:08:35.206Z","e98a7f60-ec1f-11e9-a4a3-7d841ff78abf","2","Humidity","dae414c0-ec20-11e9-a4a3-7d841ff78abf","analog_sensor","%","54.3"
"2019-10-11T13:08:20.061Z","e98a7f60-ec1f-11e9-a4a3-7d841ff78abf","2","Humidity","dae414c0-ec20-11e9-a4a3-7d841ff78abf","analog_sensor","%","54.1"
"2019-10-11T13:08:05.731Z","e98a7f60-ec1f-11e9-a4a3-7d841ff78abf","2","Humidity","dae414c0-ec20-11e9-a4a3-7d841ff78abf","analog_sensor","%","53.8"
"2019-10-11T13:07:50.116Z","e98a7f60-ec1f-11e9-a4a3-7d841ff78abf","2","Humidity","dae414c0-ec20-11e9-a4a3-7d841ff78abf","analog_sensor","%","53.5"
"2019-10-11T13:07:35.059Z","e98a7f60-ec1f-11e9-a4a3-7d841ff78abf","2","Humidity","dae414c0-ec20-11e9-a4a3-7d841ff78abf","analog_sensor","%","53.2"
"2019-10-11T13:07:20.978Z","e98a7f60-ec1f-11e9-a4a3-7d841ff78abf","2","Humidity","dae414c0-ec20-11e9-a4a3-7d841ff78abf","analog_sensor","%","53"
"2019-10-11T13:07:05.037Z","e98a7f60-ec1f-11e9-a4a3-7d841ff78abf","2","Humidity","dae414c0-ec20-11e9-a4a3-7d841ff78abf","analog_sensor","%","52.9"
"2019-10-11T13:06:50.052Z","e98a7f60-ec1f-11e9-a4a3-7d841ff78abf","2","Humidity","dae414c0-ec20-11e9-a4a3-7d841ff78abf","analog_sensor","%","52.5"
"2019-10-11T13:06:35.004Z","e98a7f60-ec1f-11e9-a4a3-7d841ff78abf","2","Humidity","dae414c0-ec20-11e9-a4a3-7d841ff78abf","analog_sensor","%","52.4"
"2019-10-11T13:06:20.080Z","e98a7f60-ec1f-11e9-a4a3-7d841ff78abf","2","Humidity","dae414c0-ec20-11e9-a4a3-7d841ff78abf","analog_sensor","%","52.2"
"2019-10-11T13:06:05.365Z","e98a7f60-ec1f-11e9-a4a3-7d841ff78abf","2","Humidity","dae414c0-ec20-11e9-a4a3-7d841ff78abf","analog_sensor","%","52.1"
"2019-10-11T13:05:49.919Z","e98a7f60-ec1f-11e9-a4a3-7d841ff78abf","2","Humidity","dae414c0-ec20-11e9-a4a3-7d841ff78abf","analog_sensor","%","51.9"
"2019-10-11T13:05:34.974Z","e98a7f60-ec1f-11e9-a4a3-7d841ff78abf","2","Humidity","dae414c0-ec20-11e9-a4a3-7d841ff78abf","analog_sensor","%","51.6"
"2019-10-11T13:05:19.942Z","e98a7f60-ec1f-11e9-a4a3-7d841ff78abf","2","Humidity","dae414c0-ec20-11e9-a4a3-7d841ff78abf","analog_sensor","%","51.6"
"2019-10-11T13:05:05.546Z","e98a7f60-ec1f-11e9-a4a3-7d841ff78abf","2","Humidity","dae414c0-ec20-11e9-a4a3-7d841ff78abf","analog_sensor","%","51.3"
"2019-10-11T13:04:49.862Z","e98a7f60-ec1f-11e9-a4a3-7d841ff78abf","2","Humidity","dae414c0-ec20-11e9-a4a3-7d841ff78abf","analog_sensor","%","51.1"
"2019-10-11T13:04:34.968Z","e98a7f60-ec1f-11e9-a4a3-7d841ff78abf","2","Humidity","dae414c0-ec20-11e9-a4a3-7d841ff78abf","analog_sensor","%","51.6"
"2019-10-11T13:04:19.835Z","e98a7f60-ec1f-11e9-a4a3-7d841ff78abf","2","Humidity","dae414c0-ec20-11e9-a4a3-7d841ff78abf","analog_sensor","%","52"
"2019-10-11T13:04:05.370Z","e98a7f60-ec1f-11e9-a4a3-7d841ff78abf","2","Humidity","dae414c0-ec20-11e9-a4a3-7d841ff78abf","analog_sensor","%","51.3"
"2019-10-11T13:03:49.877Z","e98a7f60-ec1f-11e9-a4a3-7d841ff78abf","2","Humidity","dae414c0-ec20-11e9-a4a3-7d841ff78abf","analog_sensor","%","51.7"
"2019-10-11T13:03:34.817Z","e98a7f60-ec1f-11e9-a4a3-7d841ff78abf","2","Humidity","dae414c0-ec20-11e9-a4a3-7d841ff78abf","analog_sensor","%","52"
"2019-10-11T13:03:17.235Z","e98a7f60-ec1f-11e9-a4a3-7d841ff78abf","2","Humidity","dae414c0-ec20-11e9-a4a3-7d841ff78abf","analog_sensor","%","51.4"
"2019-10-11T13:03:01.414Z","e98a7f60-ec1f-11e9-a4a3-7d841ff78abf","2","Humidity","dae414c0-ec20-11e9-a4a3-7d841ff78abf","analog_sensor","%","51.5"
